REGION	POS	REF	ALT	REF_DP	REF_RV	REF_QUAL	ALT_DP	ALT_RV	ALT_QUAL	ALT_FREQ	TOTAL_DP	PVAL	PASS	GFF_FEATURE	REF_CODON	REF_AA	ALT_CODON	ALT_AA
MN908947.3	241	C	T	0	0	0	80	39	57	1	80	1.08642e-47	TRUE	NA	NA	NA	NA	NA
MN908947.3	2059	G	A	0	0	0	303	170	59	1	303	5.8208e-182	TRUE	NA	NA	NA	NA	NA
MN908947.3	2903	A	G	120	80	49	21	12	36	0.148936	141	1.45559e-07	TRUE	NA	NA	NA	NA	NA
MN908947.3	3037	C	T	0	0	0	213	126	62	1	213	1.49362e-127	TRUE	NA	NA	NA	NA	NA
MN908947.3	4475	C	T	164	92	47	41	29	44	0.2	205	2.91744e-14	TRUE	NA	NA	NA	NA	NA
MN908947.3	11449	T	C	0	0	0	268	171	45	1	268	2.09604e-162	TRUE	NA	NA	NA	NA	NA
MN908947.3	14408	C	T	0	0	0	239	159	47	1	239	8.8372e-144	TRUE	NA	NA	NA	NA	NA
MN908947.3	17639	C	T	0	0	0	245	234	41	1	245	1.41537e-148	TRUE	NA	NA	NA	NA	NA
MN908947.3	23403	A	G	0	0	0	211	161	52	1	211	5.98859e-127	TRUE	NA	NA	NA	NA	NA
MN908947.3	26607	C	T	0	0	0	152	91	45	1	152	6.7102e-91	TRUE	NA	NA	NA	NA	NA
MN908947.3	28881	G	A	0	0	0	92	80	42	1	92	1.38858e-54	TRUE	NA	NA	NA	NA	NA
MN908947.3	28882	G	A	0	0	0	89	77	41	1	89	1.11096e-53	TRUE	NA	NA	NA	NA	NA
MN908947.3	28883	G	C	0	0	0	93	82	42	1	93	1.7451e-55	TRUE	NA	NA	NA	NA	NA
