REGION	POS	REF	ALT	REF_DP	REF_RV	REF_QUAL	ALT_DP	ALT_RV	ALT_QUAL	ALT_FREQ	TOTAL_DP	PVAL	PASS	GFF_FEATURE	REF_CODON	REF_AA	ALT_CODON	ALT_AA
MN908947.3	241	C	T	0	0	0	161	83	58	0.993827	162	1.32123e-96	TRUE	NA	NA	NA	NA	NA
MN908947.3	1662	A	G	0	0	0	80	47	42	1	80	1.00325e-49	TRUE	NA	NA	NA	NA	NA
MN908947.3	3037	C	T	0	0	0	176	101	61	1	176	3.26078e-106	TRUE	NA	NA	NA	NA	NA
MN908947.3	3249	A	T	0	0	0	103	45	51	1	103	8.79842e-62	TRUE	NA	NA	NA	NA	NA
MN908947.3	3992	C	A	0	0	0	127	83	57	1	127	3.46701e-76	TRUE	NA	NA	NA	NA	NA
MN908947.3	6319	A	G	0	0	0	269	132	51	1	269	2.05779e-162	TRUE	NA	NA	NA	NA	NA
MN908947.3	6553	G	T	0	0	0	85	28	60	1	85	1.09351e-50	TRUE	NA	NA	NA	NA	NA
MN908947.3	14408	C	T	0	0	0	190	120	52	1	190	3.22543e-115	TRUE	NA	NA	NA	NA	NA
MN908947.3	21974	G	C	24	12	45	64	50	48	0.727273	88	2.98266e-28	TRUE	NA	NA	NA	NA	NA
MN908947.3	23403	A	G	0	0	0	182	124	52	1	182	2.07239e-110	TRUE	NA	NA	NA	NA	NA
MN908947.3	25088	G	T	0	0	0	150	119	41	1	150	9.1269e-92	TRUE	NA	NA	NA	NA	NA
MN908947.3	26149	T	C	1	0	78	200	131	60	0.995025	201	1.25077e-118	TRUE	NA	NA	NA	NA	NA
MN908947.3	28881	G	A	0	0	0	142	126	41	1	142	8.68073e-86	TRUE	NA	NA	NA	NA	NA
MN908947.3	28882	G	A	0	0	0	135	119	40	1	135	1.29098e-83	TRUE	NA	NA	NA	NA	NA
MN908947.3	28883	G	C	0	0	0	146	130	41	1	146	5.38759e-87	TRUE	NA	NA	NA	NA	NA
