REGION	POS	REF	ALT	REF_DP	REF_RV	REF_QUAL	ALT_DP	ALT_RV	ALT_QUAL	ALT_FREQ	TOTAL_DP	PVAL	PASS	GFF_FEATURE	REF_CODON	REF_AA	ALT_CODON	ALT_AA
MN908947.3	41	T	C	13	5	39	1	0	32	0.0714286	14	0.518519	FALSE	NA	NA	NA	NA	NA
MN908947.3	43	T	C	13	5	39	1	0	34	0.0714286	14	0.518519	FALSE	NA	NA	NA	NA	NA
MN908947.3	241	C	T	0	0	0	79	44	59	1	79	2.17285e-47	TRUE	NA	NA	NA	NA	NA
MN908947.3	1616	C	T	0	0	0	57	23	54	1	57	3.25668e-34	TRUE	NA	NA	NA	NA	NA
MN908947.3	3037	C	T	0	0	0	120	73	62	1	120	1.40939e-72	TRUE	NA	NA	NA	NA	NA
MN908947.3	7480	T	C	0	0	0	86	59	42	1	86	6.99363e-52	TRUE	NA	NA	NA	NA	NA
MN908947.3	14408	C	T	0	0	0	121	78	51	1	121	1.38647e-72	TRUE	NA	NA	NA	NA	NA
MN908947.3	16887	C	T	0	0	0	258	89	63	1	258	6.65161e-155	TRUE	NA	NA	NA	NA	NA
MN908947.3	23403	A	G	0	0	0	96	73	53	1	96	3.57072e-58	TRUE	NA	NA	NA	NA	NA
MN908947.3	23720	A	G	0	0	0	123	88	58	1	123	1.74016e-73	TRUE	NA	NA	NA	NA	NA
MN908947.3	24370	C	T	0	0	0	84	52	64	1	84	2.18703e-50	TRUE	NA	NA	NA	NA	NA
MN908947.3	25019	G	T	0	0	0	145	52	57	1	145	2.71225e-87	TRUE	NA	NA	NA	NA	NA
MN908947.3	27299	T	C	0	0	0	96	76	43	1	96	2.77024e-57	TRUE	NA	NA	NA	NA	NA
MN908947.3	28881	G	A	0	0	0	36	30	42	1	36	1.14539e-21	TRUE	NA	NA	NA	NA	NA
MN908947.3	28882	G	A	0	0	0	36	30	41	1	36	1.14539e-21	TRUE	NA	NA	NA	NA	NA
MN908947.3	28883	G	C	0	0	0	36	30	41	1	36	1.14539e-21	TRUE	NA	NA	NA	NA	NA
MN908947.3	29148	T	C	0	0	0	76	74	38	1	76	1.36438e-45	TRUE	NA	NA	NA	NA	NA
