REGION	POS	REF	ALT	REF_DP	REF_RV	REF_QUAL	ALT_DP	ALT_RV	ALT_QUAL	ALT_FREQ	TOTAL_DP	PVAL	PASS	GFF_FEATURE	REF_CODON	REF_AA	ALT_CODON	ALT_AA
MN908947.3	241	C	T	0	0	0	67	34	58	1	67	1.33485e-39	TRUE	NA	NA	NA	NA	NA
MN908947.3	2903	A	G	142	77	49	12	7	40	0.0779221	154	0.000180549	TRUE	NA	NA	NA	NA	NA
MN908947.3	3037	C	T	0	0	0	178	103	63	1	178	8.08344e-107	TRUE	NA	NA	NA	NA	NA
MN908947.3	5515	G	T	0	0	0	240	165	61	1	240	4.40941e-144	TRUE	NA	NA	NA	NA	NA
MN908947.3	13413	G	T	38	25	60	2	0	57	0.05	40	0.246835	FALSE	NA	NA	NA	NA	NA
MN908947.3	13607	T	-C	15	10	58	1	0	30	0.0625	16	0.516129	FALSE	NA	NA	NA	NA	NA
MN908947.3	14408	C	T	0	0	0	190	112	51	1	190	2.50141e-114	TRUE	NA	NA	NA	NA	NA
MN908947.3	15211	A	G	0	0	0	131	57	56	1	131	1.37526e-78	TRUE	NA	NA	NA	NA	NA
MN908947.3	21639	C	T	0	0	0	75	59	55	1	75	2.15457e-44	TRUE	NA	NA	NA	NA	NA
MN908947.3	23403	A	G	0	0	0	196	135	55	1	196	6.20104e-118	TRUE	NA	NA	NA	NA	NA
MN908947.3	28881	G	A	0	0	0	49	42	45	1	49	1.98233e-29	TRUE	NA	NA	NA	NA	NA
MN908947.3	28882	G	A	0	0	0	49	42	44	1	49	1.98233e-29	TRUE	NA	NA	NA	NA	NA
MN908947.3	28883	G	C	0	0	0	48	41	45	1	48	2.06324e-29	TRUE	NA	NA	NA	NA	NA
MN908947.3	29724	C	T	0	0	0	85	47	69	1	85	1.09351e-50	TRUE	NA	NA	NA	NA	NA
