REGION	POS	REF	ALT	REF_DP	REF_RV	REF_QUAL	ALT_DP	ALT_RV	ALT_QUAL	ALT_FREQ	TOTAL_DP	PVAL	PASS	GFF_FEATURE	REF_CODON	REF_AA	ALT_CODON	ALT_AA
MN908947.3	241	C	T	1	0	77	102	55	57	0.990291	103	9.23834e-60	TRUE	NA	NA	NA	NA	NA
MN908947.3	3037	C	T	0	0	0	225	116	62	1	225	9.14975e-135	TRUE	NA	NA	NA	NA	NA
MN908947.3	11476	A	G	0	0	0	393	238	52	1	393	5.46647e-237	TRUE	NA	NA	NA	NA	NA
MN908947.3	14408	C	T	0	0	0	210	133	50	1	210	2.38984e-126	TRUE	NA	NA	NA	NA	NA
MN908947.3	16338	C	T	0	0	0	288	192	52	1	288	1.5367e-173	TRUE	NA	NA	NA	NA	NA
MN908947.3	16362	C	T	0	0	0	288	197	58	1	288	7.73648e-174	TRUE	NA	NA	NA	NA	NA
MN908947.3	16375	C	T	0	0	0	278	189	58	1	278	7.97523e-168	TRUE	NA	NA	NA	NA	NA
MN908947.3	16456	T	C	0	0	0	294	177	46	1	294	3.78976e-177	TRUE	NA	NA	NA	NA	NA
MN908947.3	19032	C	T	0	0	0	767	429	53	1	767	0	TRUE	NA	NA	NA	NA	NA
MN908947.3	23403	A	G	0	0	0	209	150	52	1	209	4.80244e-126	TRUE	NA	NA	NA	NA	NA
MN908947.3	26270	C	T	0	0	0	155	141	38	1	155	1.34901e-93	TRUE	NA	NA	NA	NA	NA
MN908947.3	27679	C	T	0	0	0	122	70	58	1	122	3.48033e-73	TRUE	NA	NA	NA	NA	NA
MN908947.3	28881	G	A	0	0	0	249	201	43	1	249	2.18011e-150	TRUE	NA	NA	NA	NA	NA
MN908947.3	28882	G	A	0	0	0	247	199	41	1	247	8.87908e-150	TRUE	NA	NA	NA	NA	NA
MN908947.3	28883	G	C	0	0	0	251	204	42	1	251	1.36781e-151	TRUE	NA	NA	NA	NA	NA
MN908947.3	29458	T	C	0	0	0	166	163	37	1	166	8.53395e-101	TRUE	NA	NA	NA	NA	NA
