REGION	POS	REF	ALT	REF_DP	REF_RV	REF_QUAL	ALT_DP	ALT_RV	ALT_QUAL	ALT_FREQ	TOTAL_DP	PVAL	PASS	GFF_FEATURE	REF_CODON	REF_AA	ALT_CODON	ALT_AA
MN908947.3	241	C	T	0	0	0	113	58	59	1	113	3.49821e-67	TRUE	NA	NA	NA	NA	NA
MN908947.3	2969	A	G	0	0	0	212	105	55	1	212	5.96047e-127	TRUE	NA	NA	NA	NA	NA
MN908947.3	3037	C	T	0	0	0	233	128	62	1	233	7.1188e-140	TRUE	NA	NA	NA	NA	NA
MN908947.3	5467	C	T	0	0	0	367	174	61	1	367	1.88191e-220	TRUE	NA	NA	NA	NA	NA
MN908947.3	12053	C	T	0	0	0	156	121	44	1	156	1.33193e-93	TRUE	NA	NA	NA	NA	NA
MN908947.3	14408	C	T	0	0	0	195	124	49	1	195	1.24653e-117	TRUE	NA	NA	NA	NA	NA
MN908947.3	16308	C	T	0	0	0	232	176	45	1	232	3.62064e-140	TRUE	NA	NA	NA	NA	NA
MN908947.3	23403	A	G	0	0	0	178	125	53	1	178	2.04913e-107	TRUE	NA	NA	NA	NA	NA
MN908947.3	23856	G	T	0	0	0	29	29	38	1	29	3.32588e-17	TRUE	NA	NA	NA	NA	NA
MN908947.3	25088	G	T	0	0	0	137	105	43	1	137	1.566e-84	TRUE	NA	NA	NA	NA	NA
MN908947.3	27925	C	A	0	0	0	113	58	57	1	113	4.43055e-68	TRUE	NA	NA	NA	NA	NA
MN908947.3	28068	G	T	90	74	48	11	9	50	0.108911	101	0.0003278	TRUE	NA	NA	NA	NA	NA
MN908947.3	28881	G	A	0	0	0	202	171	41	1	202	5.10204e-123	TRUE	NA	NA	NA	NA	NA
MN908947.3	28882	G	A	0	0	0	199	168	40	1	199	4.33027e-122	TRUE	NA	NA	NA	NA	NA
MN908947.3	28883	G	C	0	0	0	207	175	40	1	207	1.5187e-124	TRUE	NA	NA	NA	NA	NA
MN908947.3	29752	A	T	0	0	0	169	117	61	1	169	4.11814e-101	TRUE	NA	NA	NA	NA	NA
