REGION	POS	REF	ALT	REF_DP	REF_RV	REF_QUAL	ALT_DP	ALT_RV	ALT_QUAL	ALT_FREQ	TOTAL_DP	PVAL	PASS	GFF_FEATURE	REF_CODON	REF_AA	ALT_CODON	ALT_AA
MN908947.3	140	C	T	0	0	0	94	31	62	1	94	2.20465e-56	TRUE	NA	NA	NA	NA	NA
MN908947.3	241	C	T	0	0	0	95	52	58	1	95	1.10232e-56	TRUE	NA	NA	NA	NA	NA
MN908947.3	3037	C	T	0	0	0	268	150	62	1	268	4.14618e-162	TRUE	NA	NA	NA	NA	NA
MN908947.3	7881	A	G	0	0	0	216	135	60	1	216	1.17779e-129	TRUE	NA	NA	NA	NA	NA
MN908947.3	11082	T	-G	313	91	59	24	0	30	0.0754717	318	8.13796e-08	TRUE	NA	NA	NA	NA	NA
MN908947.3	11083	G	T	0	0	0	279	103	57	0.989362	282	1.22648e-175	TRUE	NA	NA	NA	NA	NA
MN908947.3	11521	G	T	0	0	0	332	197	59	1	332	2.67773e-200	TRUE	NA	NA	NA	NA	NA
MN908947.3	14408	C	T	0	0	0	254	161	49	1	254	3.37262e-152	TRUE	NA	NA	NA	NA	NA
MN908947.3	21691	C	T	0	0	0	142	127	40	1	142	1.71819e-85	TRUE	NA	NA	NA	NA	NA
MN908947.3	23403	A	G	0	0	0	205	150	52	1	205	2.41834e-123	TRUE	NA	NA	NA	NA	NA
MN908947.3	25690	G	T	0	0	0	251	160	43	1	251	6.90648e-152	TRUE	NA	NA	NA	NA	NA
MN908947.3	28881	G	A	0	0	0	149	127	42	1	149	5.42184e-90	TRUE	NA	NA	NA	NA	NA
MN908947.3	28882	G	A	0	0	0	144	122	41	1	144	1.88796e-88	TRUE	NA	NA	NA	NA	NA
MN908947.3	28883	G	C	0	0	0	151	129	41	1	151	1.34204e-90	TRUE	NA	NA	NA	NA	NA
