REGION	POS	REF	ALT	REF_DP	REF_RV	REF_QUAL	ALT_DP	ALT_RV	ALT_QUAL	ALT_FREQ	TOTAL_DP	PVAL	PASS	GFF_FEATURE	REF_CODON	REF_AA	ALT_CODON	ALT_AA
MN908947.3	241	C	T	0	0	0	130	65	58	1	130	2.18371e-77	TRUE	NA	NA	NA	NA	NA
MN908947.3	3037	C	T	0	0	0	271	164	61	1	271	1.01571e-162	TRUE	NA	NA	NA	NA	NA
MN908947.3	9479	G	T	0	0	0	237	237	38	1	237	7.0848e-143	TRUE	NA	NA	NA	NA	NA
MN908947.3	10626	C	T	0	0	0	295	171	63	1	295	3.11786e-179	TRUE	NA	NA	NA	NA	NA
MN908947.3	14408	C	T	0	0	0	197	126	51	1	197	1.55414e-118	TRUE	NA	NA	NA	NA	NA
MN908947.3	20977	G	T	0	0	0	225	104	62	1	225	4.58502e-135	TRUE	NA	NA	NA	NA	NA
MN908947.3	21005	C	T	0	0	0	193	179	37	1	193	5.07629e-117	TRUE	NA	NA	NA	NA	NA
MN908947.3	21627	C	T	0	0	0	192	165	50	1	192	3.1267e-115	TRUE	NA	NA	NA	NA	NA
MN908947.3	22917	T	A	0	0	0	98	26	59	1	98	8.79087e-59	TRUE	NA	NA	NA	NA	NA
MN908947.3	23403	A	G	0	0	0	183	140	53	1	183	1.02499e-110	TRUE	NA	NA	NA	NA	NA
MN908947.3	24721	T	C	0	0	0	183	93	57	0.994565	184	1.02499e-110	TRUE	NA	NA	NA	NA	NA
MN908947.3	25244	G	T	0	0	0	237	155	60	1	237	1.11941e-141	TRUE	NA	NA	NA	NA	NA
MN908947.3	28881	G	A	0	0	0	117	107	40	1	117	6.95205e-70	TRUE	NA	NA	NA	NA	NA
MN908947.3	28882	G	A	0	0	0	115	105	39	1	115	2.79281e-69	TRUE	NA	NA	NA	NA	NA
MN908947.3	28883	G	C	0	0	0	117	108	40	1	117	3.49082e-70	TRUE	NA	NA	NA	NA	NA
MN908947.3	28903	G	T	0	0	0	132	132	38	1	132	3.45112e-79	TRUE	NA	NA	NA	NA	NA
