REGION	POS	REF	ALT	REF_DP	REF_RV	REF_QUAL	ALT_DP	ALT_RV	ALT_QUAL	ALT_FREQ	TOTAL_DP	PVAL	PASS	GFF_FEATURE	REF_CODON	REF_AA	ALT_CODON	ALT_AA
MN908947.3	241	C	T	0	0	0	120	58	57	1	120	5.52316e-72	TRUE	NA	NA	NA	NA	NA
MN908947.3	886	T	C	0	0	0	243	139	66	1	243	3.48041e-146	TRUE	NA	NA	NA	NA	NA
MN908947.3	3037	C	T	0	0	0	244	142	60	1	244	4.38598e-147	TRUE	NA	NA	NA	NA	NA
MN908947.3	10369	C	T	9	2	49	193	125	61	0.955446	202	2.24474e-105	TRUE	NA	NA	NA	NA	NA
MN908947.3	10393	A	T	0	0	0	186	118	57	1	186	2.51458e-111	TRUE	NA	NA	NA	NA	NA
MN908947.3	14408	C	T	1	0	38	180	118	50	0.994475	181	2.33062e-106	TRUE	NA	NA	NA	NA	NA
MN908947.3	14621	C	T	0	0	0	189	52	58	1	189	3.96054e-113	TRUE	NA	NA	NA	NA	NA
MN908947.3	16860	T	C	0	0	0	361	147	61	1	361	1.2396e-218	TRUE	NA	NA	NA	NA	NA
MN908947.3	17562	G	T	0	0	0	254	92	58	1	254	2.14942e-153	TRUE	NA	NA	NA	NA	NA
MN908947.3	21742	C	T	0	0	0	67	21	59	1	67	1.33485e-39	TRUE	NA	NA	NA	NA	NA
MN908947.3	23403	A	G	0	0	0	161	125	52	1	161	3.35415e-97	TRUE	NA	NA	NA	NA	NA
MN908947.3	28881	G	A	0	0	0	73	67	42	1	73	8.56081e-44	TRUE	NA	NA	NA	NA	NA
MN908947.3	28882	G	A	0	0	0	72	65	41	1	72	1.72389e-43	TRUE	NA	NA	NA	NA	NA
MN908947.3	28883	G	C	0	0	0	74	67	41	1	74	2.15457e-44	TRUE	NA	NA	NA	NA	NA
