REGION	POS	REF	ALT	REF_DP	REF_RV	REF_QUAL	ALT_DP	ALT_RV	ALT_QUAL	ALT_FREQ	TOTAL_DP	PVAL	PASS	GFF_FEATURE	REF_CODON	REF_AA	ALT_CODON	ALT_AA
MN908947.3	241	C	T	0	0	0	147	92	59	1	147	6.75747e-88	TRUE	NA	NA	NA	NA	NA
MN908947.3	1825	C	A	0	0	0	154	108	59	1	154	2.11749e-92	TRUE	NA	NA	NA	NA	NA
MN908947.3	3037	C	T	0	0	0	224	139	63	1	224	4.62578e-135	TRUE	NA	NA	NA	NA	NA
MN908947.3	4809	C	T	1	1	39	262	158	52	0.996198	263	2.92102e-157	TRUE	NA	NA	NA	NA	NA
MN908947.3	10188	C	T	0	0	0	144	100	45	1	144	4.2805e-86	TRUE	NA	NA	NA	NA	NA
MN908947.3	14408	C	T	0	0	0	181	107	50	1	181	5.08026e-108	TRUE	NA	NA	NA	NA	NA
MN908947.3	17137	T	C	49	46	34	142	44	54	0.743455	191	2.30782e-64	TRUE	NA	NA	NA	NA	NA
MN908947.3	18348	C	T	0	0	0	110	83	45	1	110	2.79873e-66	TRUE	NA	NA	NA	NA	NA
MN908947.3	23403	A	G	0	0	0	155	117	52	1	155	2.6724e-93	TRUE	NA	NA	NA	NA	NA
MN908947.3	24904	C	T	0	0	0	121	88	51	1	121	6.98918e-73	TRUE	NA	NA	NA	NA	NA
MN908947.3	25088	G	T	0	0	0	121	95	41	1	121	9.16917e-74	TRUE	NA	NA	NA	NA	NA
MN908947.3	25521	C	T	0	0	0	160	119	53	1	160	2.65067e-96	TRUE	NA	NA	NA	NA	NA
MN908947.3	28881	G	A	0	0	0	83	74	40	1	83	8.69664e-50	TRUE	NA	NA	NA	NA	NA
MN908947.3	28882	G	A	0	0	0	79	70	39	1	79	2.87042e-48	TRUE	NA	NA	NA	NA	NA
MN908947.3	28883	G	C	0	0	0	85	76	39	1	85	2.18703e-50	TRUE	NA	NA	NA	NA	NA
MN908947.3	29870	C	A	15	5	51	1	1	37	0.0625	16	0.516129	FALSE	NA	NA	NA	NA	NA
