REGION	POS	REF	ALT	REF_DP	REF_RV	REF_QUAL	ALT_DP	ALT_RV	ALT_QUAL	ALT_FREQ	TOTAL_DP	PVAL	PASS	GFF_FEATURE	REF_CODON	REF_AA	ALT_CODON	ALT_AA
MN908947.3	241	C	T	0	0	0	129	61	61	1	129	4.35063e-77	TRUE	NA	NA	NA	NA	NA
MN908947.3	1616	C	T	0	0	0	112	53	55	1	112	6.96546e-67	TRUE	NA	NA	NA	NA	NA
MN908947.3	3037	C	T	0	0	0	258	146	63	1	258	4.27031e-156	TRUE	NA	NA	NA	NA	NA
MN908947.3	6877	G	T	0	0	0	105	65	41	1	105	2.80194e-63	TRUE	NA	NA	NA	NA	NA
MN908947.3	7480	T	C	0	0	0	148	110	44	1	148	8.50401e-89	TRUE	NA	NA	NA	NA	NA
MN908947.3	14408	C	T	0	0	0	233	153	50	1	233	7.1188e-140	TRUE	NA	NA	NA	NA	NA
MN908947.3	16887	C	T	0	0	0	462	158	64	1	462	1.34504e-277	TRUE	NA	NA	NA	NA	NA
MN908947.3	23403	A	G	0	0	0	164	120	51	1	164	1.04802e-98	TRUE	NA	NA	NA	NA	NA
MN908947.3	23720	A	G	0	0	0	233	170	60	1	233	1.79874e-140	TRUE	NA	NA	NA	NA	NA
MN908947.3	24370	C	T	0	0	0	141	87	62	1	141	2.71088e-84	TRUE	NA	NA	NA	NA	NA
MN908947.3	25019	G	T	0	0	0	269	101	56	1	269	8.12579e-162	TRUE	NA	NA	NA	NA	NA
MN908947.3	27299	T	C	0	0	0	231	156	42	1	231	1.13414e-138	TRUE	NA	NA	NA	NA	NA
MN908947.3	28881	G	A	0	0	0	120	108	43	1	120	1.40939e-72	TRUE	NA	NA	NA	NA	NA
MN908947.3	28882	G	A	1	1	30	117	104	41	0.991525	118	7.1969e-70	TRUE	NA	NA	NA	NA	NA
MN908947.3	28883	G	C	0	0	0	124	111	41	1	124	2.19278e-74	TRUE	NA	NA	NA	NA	NA
MN908947.3	29148	T	C	0	0	0	211	207	38	1	211	2.63784e-129	TRUE	NA	NA	NA	NA	NA
