REGION	POS	REF	ALT	REF_DP	REF_RV	REF_QUAL	ALT_DP	ALT_RV	ALT_QUAL	ALT_FREQ	TOTAL_DP	PVAL	PASS	GFF_FEATURE	REF_CODON	REF_AA	ALT_CODON	ALT_AA
MN908947.3	241	C	T	0	0	0	265	126	58	1	265	2.06487e-159	TRUE	NA	NA	NA	NA	NA
MN908947.3	1878	C	T	120	42	61	156	151	39	0.565217	276	1.00878e-61	TRUE	NA	NA	NA	NA	NA
MN908947.3	2903	A	G	215	138	49	20	11	39	0.0851064	235	5.26071e-07	TRUE	NA	NA	NA	NA	NA
MN908947.3	3037	C	T	0	0	0	295	172	63	1	295	9.49015e-178	TRUE	NA	NA	NA	NA	NA
MN908947.3	5270	T	C	61	47	39	5	3	57	0.0724638	69	0.0239232	FALSE	NA	NA	NA	NA	NA
MN908947.3	6864	A	T	22	22	37	2	2	33	0.0833333	24	0.255319	FALSE	NA	NA	NA	NA	NA
MN908947.3	14408	C	T	0	0	0	302	196	50	1	302	7.50585e-183	TRUE	NA	NA	NA	NA	NA
MN908947.3	18555	C	T	0	0	0	349	340	39	1	349	3.49434e-213	TRUE	NA	NA	NA	NA	NA
MN908947.3	20292	G	A	0	0	0	41	15	59	1	41	1.19125e-24	TRUE	NA	NA	NA	NA	NA
MN908947.3	21402	T	C	16	9	51	1	1	35	0.0588235	17	0.485714	FALSE	NA	NA	NA	NA	NA
MN908947.3	23403	A	G	0	0	0	285	218	52	1	285	2.48462e-172	TRUE	NA	NA	NA	NA	NA
MN908947.3	28881	G	A	0	0	0	25	24	38	1	25	4.03292e-15	TRUE	NA	NA	NA	NA	NA
MN908947.3	28882	G	A	0	0	0	25	24	36	1	25	4.03292e-15	TRUE	NA	NA	NA	NA	NA
MN908947.3	28883	G	C	0	0	0	24	23	37	1	24	8.22716e-15	TRUE	NA	NA	NA	NA	NA
