REGION	POS	REF	ALT	REF_DP	REF_RV	REF_QUAL	ALT_DP	ALT_RV	ALT_QUAL	ALT_FREQ	TOTAL_DP	PVAL	PASS	GFF_FEATURE	REF_CODON	REF_AA	ALT_CODON	ALT_AA
MN908947.3	241	C	T	0	0	0	140	66	58	1	140	1.08051e-83	TRUE	NA	NA	NA	NA	NA
MN908947.3	913	C	T	0	0	0	283	184	67	1	283	6.18611e-170	TRUE	NA	NA	NA	NA	NA
MN908947.3	2903	A	G	171	109	48	19	13	35	0.1	190	7.92189e-07	TRUE	NA	NA	NA	NA	NA
MN908947.3	3037	C	T	0	0	0	223	132	62	1	223	1.45745e-133	TRUE	NA	NA	NA	NA	NA
MN908947.3	9286	C	T	0	0	0	186	67	63	1	186	2.51458e-111	TRUE	NA	NA	NA	NA	NA
MN908947.3	13213	G	T	0	0	0	849	469	55	1	849	0	TRUE	NA	NA	NA	NA	NA
MN908947.3	14408	C	T	0	0	0	222	136	51	1	222	4.83506e-135	TRUE	NA	NA	NA	NA	NA
MN908947.3	23403	A	G	0	0	0	200	154	53	1	200	4.1438e-122	TRUE	NA	NA	NA	NA	NA
MN908947.3	25996	G	T	0	0	0	62	36	42	1	62	6.57547e-37	TRUE	NA	NA	NA	NA	NA
MN908947.3	26882	C	T	0	0	0	156	156	36	1	156	1.71289e-94	TRUE	NA	NA	NA	NA	NA
MN908947.3	27299	T	C	0	0	0	197	138	42	1	197	3.09267e-118	TRUE	NA	NA	NA	NA	NA
MN908947.3	28881	G	A	0	0	0	74	60	42	1	74	5.56668e-45	TRUE	NA	NA	NA	NA	NA
MN908947.3	28882	G	A	0	0	0	73	59	40	1	73	1.1359e-44	TRUE	NA	NA	NA	NA	NA
MN908947.3	28883	G	C	0	0	0	75	61	41	1	75	2.74672e-45	TRUE	NA	NA	NA	NA	NA
MN908947.3	29148	T	C	0	0	0	178	176	38	1	178	2.66927e-108	TRUE	NA	NA	NA	NA	NA
