REGION	POS	REF	ALT	REF_DP	REF_RV	REF_QUAL	ALT_DP	ALT_RV	ALT_QUAL	ALT_FREQ	TOTAL_DP	PVAL	PASS	GFF_FEATURE	REF_CODON	REF_AA	ALT_CODON	ALT_AA
MN908947.3	241	C	T	0	0	0	149	80	61	1	149	2.74683e-90	TRUE	NA	NA	NA	NA	NA
MN908947.3	3037	C	T	0	0	0	224	134	62	1	224	9.19042e-135	TRUE	NA	NA	NA	NA	NA
MN908947.3	14408	C	T	0	0	0	217	132	50	1	217	1.48239e-130	TRUE	NA	NA	NA	NA	NA
MN908947.3	16396	G	T	0	0	0	225	216	38	1	225	3.86608e-137	TRUE	NA	NA	NA	NA	NA
MN908947.3	23403	A	G	0	0	0	197	159	51	1	197	1.01592e-119	TRUE	NA	NA	NA	NA	NA
MN908947.3	24378	C	T	0	0	0	133	80	63	1	133	1.72556e-79	TRUE	NA	NA	NA	NA	NA
MN908947.3	27919	T	C	1	1	38	92	57	52	0.989247	93	4.25544e-54	TRUE	NA	NA	NA	NA	NA
MN908947.3	27988	T	C	0	0	0	133	78	63	1	133	8.66011e-80	TRUE	NA	NA	NA	NA	NA
MN908947.3	28113	A	G	0	0	0	147	75	49	1	147	8.61893e-89	TRUE	NA	NA	NA	NA	NA
MN908947.3	28881	G	A	0	0	0	92	81	44	1	92	4.57574e-56	TRUE	NA	NA	NA	NA	NA
MN908947.3	28882	G	A	0	0	0	91	80	42	1	91	9.35042e-56	TRUE	NA	NA	NA	NA	NA
MN908947.3	28883	G	C	0	0	0	94	84	43	1	94	1.11393e-56	TRUE	NA	NA	NA	NA	NA
MN908947.3	29554	G	T	0	0	0	279	206	51	1	279	1.99726e-168	TRUE	NA	NA	NA	NA	NA
